period,import_tonnes,domestic_export_tonnes,reexport_tonnes,export_tonnes,net_import_tonnes,import_value_usd,export_value_usd,ytd_import_tonnes,ytd_domestic_export_tonnes,ytd_reexport_tonnes,ytd_export_tonnes,ytd_net_import_tonnes,ytd_import_value_usd,ytd_export_value_usd
1989-01,255.604467,,,59.461208,196.143259,,,255.604467,,,59.461208,196.143259,,
1989-02,375.945767,,,36.062115,339.883652,,,631.550234,,,95.523323,536.026911,,
1989-03,361.247176,,,52.377421,308.869755,,,992.79741,,,147.900744,844.896666,,
1989-04,342.84891,,,83.843913,259.004997,,,1335.64632,,,231.744657,1103.901663,,
1989-05,226.242299,,,21.522066,204.720233,,,1561.888619,,,253.266723,1308.621896,,
1989-06,166.729835,,,31.943449,134.786386,,,1728.618454,,,285.210172,1443.408282,,
1989-07,137.12434,,,63.173362,73.950978,,,1865.742794,,,348.383534,1517.35926,,
1989-08,246.323436,,,65.582063,180.741373,,,2112.06623,,,413.965597,1698.100633,,
1989-09,157.179261,,,47.049333,110.129928,,,2269.245491,,,461.01493,1808.230561,,
1989-10,407.118474,,,89.667432,317.451042,,,2676.363965,,,550.682362,2125.681603,,
1989-11,197.228074,,,99.598616,97.629458,,,2873.592039,,,650.280978,2223.311061,,
1989-12,242.399236,,,57.899324,184.499912,,,3115.991275,,,708.180302,2407.810973,,
1990-01,174.238557,,,40.224567,134.01399,,,174.238557,,,40.224567,134.01399,,
1990-02,227.535094,,,57.092861,170.442233,,,401.773651,,,97.317428,304.456223,,
1990-03,511.3192,,,108.144681,403.174519,,,913.092851,,,205.462109,707.630742,,
1990-04,256.180545,,,28.400854,227.779691,,,1169.273396,,,233.862963,935.410433,,
1990-05,194.780871,,,91.172101,103.60877,,,1364.054267,,,325.035064,1039.019203,,
1990-06,122.769975,,,104.488098,18.281877,,,1486.824242,,,429.523162,1057.30108,,
1990-07,259.045655,,,148.770777,110.274878,,,1745.869897,,,578.293939,1167.575958,,
1990-08,253.647854,,,65.148607,188.499247,,,1999.517751,,,643.442546,1356.075205,,
1990-09,163.967193,,,94.122109,69.845084,,,2163.484944,,,737.564655,1425.920289,,
1990-10,239.601679,,,73.695301,165.906378,,,2403.086623,,,811.259956,1591.826667,,
1990-11,103.945395,,,77.371274,26.574121,,,2507.032018,,,888.63123,1618.400788,,
1990-12,257.701091,,,34.289903,223.411188,,,2764.733109,,,922.921133,1841.811976,,
1991-01,215.869573,,,63.852275,152.017298,,,215.869573,,,63.852275,152.017298,,
1991-02,235.225247,,,64.563108,170.662139,,,451.09482,,,128.415383,322.679437,,
1991-03,137.947396,,,52.03036,85.917036,,,589.042216,,,180.445743,408.596473,,
1991-04,269.396343,,,101.154101,168.242242,,,858.438559,,,281.599844,576.838715,,
1991-05,150.248011,,,90.879626,59.368385,,,1008.68657,,,372.47947,636.2071,,
1991-06,234.06719,,,90.479051,143.588139,,,1242.75376,,,462.958521,779.795239,,
1991-07,280.422047,,,86.621374,193.800673,,,1523.175807,,,549.579895,973.595912,,
1991-08,211.756863,,,333.067789,-121.310926,,,1734.93267,,,882.647684,852.284986,,
1991-09,199.554174,,,174.345351,25.208823,,,1934.486844,,,1056.993035,877.493809,,
1991-10,274.587234,,,243.046858,31.540376,,,2209.074078,,,1300.039893,909.034185,,
1991-11,185.920899,,,112.445719,73.47518,,,2394.994977,,,1412.485612,982.509365,,
1991-12,291.681214,,,105.991542,185.689672,,,2686.676191,,,1518.477154,1168.199037,,
1992-01,308.012852,,,382.179125,-74.166273,,,308.012852,,,382.179125,-74.166273,,
1992-02,327.303972,,,93.711555,233.592417,,,635.316824,,,475.89068,159.426144,,
1992-03,289.324599,,,91.092712,198.231887,,,924.641423,,,566.983392,357.658031,,
1992-04,265.12336,,,117.543887,147.579473,,,1189.764783,,,684.527279,505.237504,,
1992-05,276.026772,,,107.017994,169.008778,,,1465.791555,,,791.545273,674.246282,,
1992-06,202.342352,,,39.74169,162.600662,,,1668.133907,,,831.286963,836.846944,,
1992-07,256.571664,,,90.768225,165.803439,,,1924.705571,,,922.055188,1002.650383,,
1992-08,284.830316,,,109.700482,175.129834,,,2209.535887,,,1031.75567,1177.780217,,
1992-09,222.565687,,,81.15785,141.407837,,,2432.101574,,,1112.91352,1319.188054,,
1992-10,298.883162,,,135.699868,163.183294,,,2730.984736,,,1248.613388,1482.371348,,
1992-11,237.931869,,,117.491579,120.44029,,,2968.916605,,,1366.104967,1602.811638,,
1992-12,249.435167,,,60.865134,188.570033,,,3218.351772,,,1426.970101,1791.381671,,
1993-01,207.139467,,,91.651979,115.487488,,,207.139467,,,91.651979,115.487488,,
1993-02,302.643592,,,66.798901,235.844691,,,509.783059,,,158.45088,351.332179,,
1993-03,238.851949,,,234.768604,4.083345,,,748.635008,,,393.219484,355.415524,,
1993-04,256.268172,,,154.045333,102.222839,,,1004.90318,,,547.264817,457.638363,,
1993-05,222.929563,,,116.482146,106.447417,,,1227.832743,,,663.746963,564.08578,,
1993-06,162.764165,,,79.899112,82.865053,,,1390.596908,,,743.646075,646.950833,,
1993-07,192.911104,,,69.876614,123.03449,,,1583.508012,,,813.522689,769.985323,,
1993-08,172.789613,,,87.134814,85.654799,,,1756.297625,,,900.657503,855.640122,,
1993-09,189.0673,,,56.955838,132.111462,,,1945.364925,,,957.613341,987.751584,,
1993-10,204.12637,,,164.59246,39.53391,,,2149.491295,,,1122.205801,1027.285494,,
1993-11,182.363358,,,77.009381,105.353977,,,2331.854653,,,1199.215182,1132.639471,,
1993-12,227.188211,,,114.841216,112.346995,,,2559.042864,,,1314.056398,1244.986466,,
1994-01,210.710889,,,42.567932,168.142957,,,210.710889,,,42.567932,168.142957,,
1994-02,266.459274,,,67.51449,198.944784,,,477.170163,,,110.082422,367.087741,,
1994-03,220.699724,,,90.59061,130.109114,,,697.869887,,,200.673032,497.196855,,
1994-04,242.064642,,,62.142805,179.921837,,,939.934529,,,262.815837,677.118692,,
1994-05,132.660162,,,91.614766,41.045396,,,1072.594691,,,354.430603,718.164088,,
1994-06,267.178484,,,72.017379,195.161105,,,1339.773175,,,426.447982,913.325193,,
1994-07,177.001288,,,139.80142,37.199868,,,1516.774463,,,566.249402,950.525061,,
1994-08,221.744338,,,186.855452,34.888886,,,1738.518801,,,753.104854,985.413947,,
1994-09,211.280997,,,111.301146,99.979851,,,1949.799798,,,864.406,1085.393798,,
1994-10,192.246813,,,182.472472,9.774341,,,2142.046611,,,1046.878472,1095.168139,,
1994-11,227.82798,,,96.599696,131.228284,,,2369.874591,,,1143.478168,1226.396423,,
1994-12,194.398614,,,358.930826,-164.532212,,,2564.273205,,,1502.408994,1061.864211,,
1995-01,206.999208,,,310.897712,-103.898504,,,206.999208,,,310.897712,-103.898504,,
1995-02,242.163994,,,199.134118,43.029876,,,449.163202,,,510.03183,-60.868628,,
1995-03,269.088653,,,218.745828,50.342825,,,718.251855,,,728.777658,-10.525803,,
1995-04,209.324894,,,124.376811,84.948083,,,927.576749,,,853.154469,74.42228,,
1995-05,310.349433,,,130.993195,179.356238,,,1237.926182,,,984.147664,253.778518,,
1995-06,281.529481,,,53.227859,228.301622,,,1519.455663,,,1037.375523,482.08014,,
1995-07,284.348504,,,150.564055,133.784449,,,1803.804167,,,1187.939578,615.864589,,
1995-08,299.363847,,,814.778843,-515.414996,,,2103.168014,,,2002.718421,100.449593,,
1995-09,259.119527,,,1063.547072,-804.427545,,,2362.287541,,,3066.265493,-703.977952,,
1995-10,251.359551,,,362.053093,-110.693542,,,2613.647092,,,3428.318586,-814.671494,,
1995-11,312.629119,,,131.079355,181.549764,,,2926.276211,,,3559.397941,-633.12173,,
1995-12,246.411498,,,167.414765,78.996733,,,3172.687709,,,3726.812706,-554.124997,,
1996-01,306.333109,,,123.019663,183.313446,,,306.333109,,,123.019663,183.313446,,
1996-02,263.262308,,,65.783407,197.478901,,,569.595417,,,188.80307,380.792347,,
1996-03,250.65549,,,121.912177,128.743313,,,820.250907,,,310.715247,509.53566,,
1996-04,241.1724,,,264.305709,-23.133309,,,1061.423307,,,575.020956,486.402351,,
1996-05,226.738663,,,302.792929,-76.054266,,,1288.16197,,,877.813885,410.348085,,
1996-06,215.840186,,,704.325884,-488.485698,,,1504.002156,,,1582.139769,-78.137613,,
1996-07,259.621969,,,603.49186,-343.869891,,,1763.624125,,,2185.631629,-422.007504,,
1996-08,207.736895,,,330.373201,-122.636306,,,1971.36102,,,2516.00483,-544.64381,,
1996-09,247.611419,,,342.46548,-94.854061,,,2218.972439,,,2858.47031,-639.497871,,
1996-10,244.16749,,,450.093601,-205.926111,,,2463.139929,,,3308.563911,-845.423982,,
1996-11,217.304612,,,93.453216,123.851396,,,2680.444541,,,3402.017127,-721.572586,,
1996-12,335.319043,,,132.045247,203.273796,,,3015.763584,,,3534.062374,-518.29879,,
1997-01,252.103118,,,130.825251,121.277867,,,252.103118,,,130.825251,121.277867,,
1997-02,187.257123,,,102.540555,84.716568,,,439.360241,,,233.365806,205.994435,,
1997-03,215.505268,,,54.857537,160.647731,,,654.865509,,,288.223343,366.642166,,
1997-04,264.405695,,,118.599164,145.806531,,,919.271204,,,406.822507,512.448697,,
1997-05,180.553722,,,344.749586,-164.195864,,,1099.824926,,,751.572093,348.252833,,
1997-06,241.823194,,,1025.730636,-783.907442,,,1341.64812,,,1777.302729,-435.654609,,
1997-07,205.369684,,,398.485165,-193.115481,,,1547.017804,,,2175.787894,-628.77009,,
1997-08,228.132516,,,327.52769,-99.395174,,,1775.15032,,,2503.315584,-728.165264,,
1997-09,209.323116,,,373.457939,-164.134823,,,1984.473436,,,2876.773523,-892.300087,,
1997-10,183.406374,,,184.212787,-0.806413,,,2167.87981,,,3060.98631,-893.1065,,
1997-11,235.87515,,,269.417515,-33.542365,,,2403.75496,,,3330.403825,-926.648865,,
1997-12,299.164152,,,734.041144,-434.876992,,,2702.919112,,,4064.444969,-1361.525857,,
1998-01,245.826142,,,423.546721,-177.720579,,,245.826142,,,423.546721,-177.720579,,
1998-02,361.614786,,,817.727823,-456.113037,,,607.440928,,,1241.274544,-633.833616,,
1998-03,287.988835,,,423.471286,-135.482451,,,895.429763,,,1664.74583,-769.316067,,
1998-04,285.366827,,,304.61441,-19.247583,,,1180.79659,,,1969.36024,-788.56365,,
1998-05,272.536361,,,191.447611,81.08875,,,1453.332951,,,2160.807851,-707.4749,,
1998-06,237.148125,,,99.176154,137.971971,,,1690.481076,,,2259.984005,-569.502929,,
1998-07,314.288348,,,145.858049,168.430299,,,2004.769424,,,2405.842054,-401.07263,,
1998-08,239.06717,,,100.660503,138.406667,,,2243.836594,,,2506.502557,-262.665963,,
1998-09,322.192667,,,224.121498,98.071169,,,2566.029261,,,2730.624055,-164.594794,,
1998-10,394.096203,,,88.614982,305.481221,,,2960.125464,,,2819.239037,140.886427,,
1998-11,390.860222,,,149.112197,241.748025,,,3350.985686,,,2968.351234,382.634452,,
1998-12,279.525588,,,74.466127,205.059461,,,3630.511274,,,3042.817361,587.693913,,
1999-01,305.11864,,,143.683696,161.434944,,,305.11864,,,143.683696,161.434944,,
1999-02,346.379366,,,87.096647,259.282719,,,651.498006,,,230.780343,420.717663,,
1999-03,319.285662,,,127.48807,191.797592,,,970.783668,,,358.268413,612.515255,,
1999-04,305.50988,,,111.20289,194.30699,,,1276.293548,,,469.471303,806.822245,,
1999-05,301.98799,,,110.579648,191.408342,,,1578.281538,,,580.050951,998.230587,,
1999-06,302.87125,,,101.983684,200.887566,,,1881.152788,,,682.034635,1199.118153,,
1999-07,319.860254,,,100.322454,219.5378,,,2201.013042,,,782.357089,1418.655953,,
1999-08,235.668911,,,48.363274,187.305637,,,2436.681953,,,830.720363,1605.96159,,
1999-09,245.364635,,,78.054239,167.310396,,,2682.046588,,,908.774602,1773.271986,,
1999-10,281.732296,,,41.504671,240.227625,,,2963.778884,,,950.279273,2013.499611,,
1999-11,302.10747,,,65.624745,236.482725,,,3265.886354,,,1015.904018,2249.982336,,
1999-12,246.225501,,,56.035138,190.190363,,,3512.111855,,,1071.939156,2440.172699,,
2000-01,311.488803,,,108.450297,203.038506,,,311.488803,,,108.450297,203.038506,,
2000-02,1048.617187,,,59.750536,988.866651,,,1360.10599,,,168.200833,1191.905157,,
2000-03,455.466064,,,93.622964,361.8431,,,1815.572054,,,261.823797,1553.748257,,
2000-04,295.757726,,,76.581347,219.176379,,,2111.32978,,,338.405144,1772.924636,,
2000-05,317.358447,,,100.237929,217.120518,,,2428.688227,,,438.643073,1990.045154,,
2000-06,294.645498,,,55.783174,238.862324,,,2723.333725,,,494.426247,2228.907478,,
2000-07,253.179351,,,58.423554,194.755797,,,2976.513076,,,552.849801,2423.663275,,
2000-08,295.303093,,,75.067595,220.235498,,,3271.816169,,,627.917396,2643.898773,,
2000-09,313.997219,,,117.059138,196.938081,,,3585.813388,,,744.976534,2840.836854,,
2000-10,409.496254,,,78.686435,330.809819,,,3995.309642,,,823.662969,3171.646673,,
2000-11,301.591846,,,71.349446,230.2424,,,4296.901488,,,895.012415,3401.889073,,
2000-12,296.202467,,,51.394871,244.807596,,,4593.103955,,,946.407286,3646.696669,,
2001-01,310.550485,,,56.451507,254.098978,,,310.550485,,,56.451507,254.098978,,
2001-02,261.367654,,,65.711804,195.65585,,,571.918139,,,122.163311,449.754828,,
2001-03,345.532894,,,83.110136,262.422758,,,917.451033,,,205.273447,712.177586,,
2001-04,247.316002,,,113.133974,134.182028,,,1164.767035,,,318.407421,846.359614,,
2001-05,276.921155,,,74.757698,202.163457,,,1441.68819,,,393.165119,1048.523071,,
2001-06,259.455558,,,66.869859,192.585699,,,1701.143748,,,460.034978,1241.10877,,
2001-07,346.989549,,,68.594122,278.395427,,,2048.133297,,,528.6291,1519.504197,,
2001-08,309.821696,,,106.373898,203.447798,,,2357.954993,,,635.002998,1722.951995,,
2001-09,246.352983,,,80.529656,165.823327,,,2604.307976,,,715.532654,1888.775322,,
2001-10,324.954077,,,64.993453,259.960624,,,2929.262053,,,780.526107,2148.735946,,
2001-11,362.365916,,,115.696355,246.669561,,,3291.627969,,,896.222462,2395.405507,,
2001-12,279.169183,,,337.638985,-58.469802,,,3570.797152,,,1233.861447,2336.935705,,
2002-01,447.394685,,,240.972003,206.422682,,,447.394685,,,240.972003,206.422682,,
2002-02,323.735762,,,71.908758,251.827004,,,771.130447,,,312.880761,458.249686,,
2002-03,383.846835,,,135.420175,248.42666,,,1154.977282,,,448.300936,706.676346,,
2002-04,459.616002,,,108.674336,350.941666,,,1614.593284,,,556.975272,1057.618012,,
2002-05,420.579733,,,58.019343,362.56039,,,2035.173017,,,614.994615,1420.178402,,
2002-06,314.40769,,,115.527197,198.880493,,,2349.580707,,,730.521812,1619.058895,,
2002-07,343.856428,,,93.285904,250.570524,,,2693.437135,,,823.807716,1869.629419,,
2002-08,390.205079,,,176.979214,213.225865,,,3083.642214,,,1000.78693,2082.855284,,
2002-09,443.68305,,,132.129851,311.553199,,,3527.325264,,,1132.916781,2394.408483,,
2002-10,380.150054,,,67.038303,313.111751,,,3907.475318,,,1199.955084,2707.520234,,
2002-11,349.942574,,,104.100988,245.841586,,,4257.417892,,,1304.056072,2953.36182,,
2002-12,416.709099,,,80.780362,335.928737,,,4674.126991,,,1384.836434,3289.290557,,
2003-01,433.967472,,,84.550728,349.416744,,,433.967472,,,84.550728,349.416744,,
2003-02,407.830584,,,86.601797,321.228787,,,841.798056,,,171.152525,670.645531,,
2003-03,272.295656,,,99.720163,172.575493,,,1114.093712,,,270.872688,843.221024,,
2003-04,445.772953,,,120.309628,325.463325,,,1559.866665,,,391.182316,1168.684349,,
2003-05,320.426719,,,67.947815,252.478904,,,1880.293384,,,459.130131,1421.163253,,
2003-06,405.855759,,,90.144956,315.710803,,,2286.149143,,,549.275087,1736.874056,,
2003-07,398.358078,,,77.2908,321.067278,,,2684.507221,,,626.565887,2057.941334,,
2003-08,346.574785,,,104.870075,241.70471,,,3031.082006,,,731.435962,2299.646044,,
2003-09,330.754194,,,76.643284,254.11091,,,3361.8362,,,808.079246,2553.756954,,
2003-10,781.383883,,,71.231374,710.152509,,,4143.220083,,,879.31062,3263.909463,,
2003-11,334.783575,,,70.805274,263.978301,,,4478.003658,,,950.115894,3527.887764,,
2003-12,428.185835,,,70.749993,357.435842,,,4906.189493,,,1020.865887,3885.323606,,
2004-01,341.389298,,,71.439077,269.950221,,,341.389298,,,71.439077,269.950221,,
2004-02,397.99303,,,77.071543,320.921487,,,739.382328,,,148.51062,590.871708,,
2004-03,450.280728,,,94.212567,356.068161,,,1189.663056,,,242.723187,946.939869,,
2004-04,311.362975,,,138.920529,172.442446,,,1501.026031,,,381.643716,1119.382315,,
2004-05,381.46529,,,196.465386,184.999904,,,1882.491321,,,578.109102,1304.382219,,
2004-06,349.565419,,,162.606404,186.959015,,,2232.05674,,,740.715506,1491.341234,,
2004-07,355.037357,,,102.196381,252.840976,,,2587.094097,,,842.911887,1744.18221,,
2004-08,425.849954,,,139.721779,286.128175,,,3012.944051,,,982.633666,2030.310385,,
2004-09,368.94337,,,119.758826,249.184544,,,3381.887421,,,1102.392492,2279.494929,,
2004-10,365.49,,,185.234374,180.255626,,,3747.377421,,,1287.626866,2459.750555,,
2004-11,388.070785,,,95.337479,292.733306,,,4135.448206,,,1382.964345,2752.483861,,
2004-12,374.783618,,,110.654655,264.128963,,,4510.231824,,,1493.619,3016.612824,,
2005-01,408.670177,,,97.131011,311.539166,,,408.670177,,,97.131011,311.539166,,
2005-02,379.03683,,,162.550412,216.486418,,,787.707007,,,259.681423,528.025584,,
2005-03,443.303001,,,114.591552,328.711449,,,1231.010008,,,374.272975,856.737033,,
2005-04,403.690392,,,118.487027,285.203365,,,1634.7004,,,492.760002,1141.940398,,
2005-05,331.031543,,,116.552402,214.479141,,,1965.731943,,,609.312404,1356.419539,,
2005-06,452.734842,,,196.452154,256.282688,,,2418.466785,,,805.764558,1612.702227,,
2005-07,489.627787,,,77.895029,411.732758,,,2908.094572,,,883.659587,2024.434985,,
2005-08,483.770527,,,105.917357,377.85317,,,3391.865099,,,989.576944,2402.288155,,
2005-09,393.022383,,,102.483358,290.539025,,,3784.887482,,,1092.060302,2692.82718,,
2005-10,380.574736,,,146.204055,234.370681,,,4165.462218,,,1238.264357,2927.197861,,
2005-11,468.455716,,,117.150297,351.305419,,,4633.917934,,,1355.414654,3278.50328,,
2005-12,418.120313,,,125.241238,292.879075,,,5052.038247,,,1480.655892,3571.382355,,
2006-01,514.241944,,,148.717683,365.524261,,,514.241944,,,148.717683,365.524261,,
2006-02,465.256365,,,147.01594,318.240425,,,979.498309,,,295.733623,683.764686,,
2006-03,488.362615,,,330.092609,158.270006,,,1467.860924,,,625.826232,842.034692,,
2006-04,437.205664,,,403.534162,33.671502,,,1905.066588,,,1029.360394,875.706194,,
2006-05,371.120599,,,818.132318,-447.011719,,,2276.187187,,,1847.492712,428.694475,,
2006-06,524.251337,,,638.12149,-113.870153,,,2800.438524,,,2485.614202,314.824322,,
2006-07,474.447636,,,297.911719,176.535917,,,3274.88616,,,2783.525921,491.360239,,
2006-08,427.223565,,,226.27322,200.950345,,,3702.109725,,,3009.799141,692.310584,,
2006-09,404.219493,,,243.229353,160.99014,,,4106.329218,,,3253.028494,853.300724,,
2006-10,468.68086,,,220.009859,248.671001,,,4575.010078,,,3473.038353,1101.971725,,
2006-11,414.954637,,,190.607736,224.346901,,,4989.964715,,,3663.646089,1326.318626,,
2006-12,422.354326,,,203.93362,218.420706,,,5412.319041,,,3867.579709,1544.739332,,
2007-01,467.955657,,,232.126822,235.828835,,,467.955657,,,232.126822,235.828835,,
2007-02,462.736893,,,224.468665,238.268228,,,930.69255,,,456.595487,474.097063,,
2007-03,597.69667,,,274.264358,323.432312,,,1528.38922,,,730.859845,797.529375,,
2007-04,515.968759,,,186.012602,329.956157,,,2044.357979,,,916.872447,1127.485532,,
2007-05,508.061425,,,211.733425,296.328,,,2552.419404,,,1128.605872,1423.813532,,
2007-06,450.869146,,,202.670214,248.198932,,,3003.28855,,,1331.276086,1672.012464,,
2007-07,545.543937,,,344.319935,201.224002,,,3548.832487,,,1675.596021,1873.236466,,
2007-08,539.051378,,,287.997985,251.053393,,,4087.883865,,,1963.594006,2124.289859,,
2007-09,445.974532,,,373.942078,72.032454,,,4533.858397,,,2337.536084,2196.322313,,
2007-10,502.370356,,,259.673287,242.697069,,,5036.228753,,,2597.209371,2439.019382,,
2007-11,541.531487,,,204.227147,337.30434,,,5577.76024,,,2801.436518,2776.323722,,
2007-12,310.702544,,,201.672248,109.030296,,,5888.462784,,,3003.108766,2885.354018,,
2008-01,506.729533,,,169.565917,337.163616,,,506.729533,,,169.565917,337.163616,,
2008-02,450.973718,,,157.765681,293.208037,,,957.703251,,,327.331598,630.371653,,
2008-03,442.412954,,,210.395684,232.01727,,,1400.116205,,,537.727282,862.388923,,
2008-04,526.233086,,,210.509724,315.723362,,,1926.349291,,,748.237006,1178.112285,,
2008-05,461.915276,,,227.977347,233.937929,,,2388.264567,,,976.214353,1412.050214,,
2008-06,448.612146,,,289.577992,159.034154,,,2836.876713,,,1265.792345,1571.084368,,
2008-07,472.363838,,,142.110024,330.253814,,,3309.240551,,,1407.902369,1901.338182,,
2008-08,514.688277,,,208.306148,306.382129,,,3823.928828,,,1616.208517,2207.720311,,
2008-09,536.115931,,,169.398959,366.716972,,,4360.044759,,,1785.607476,2574.437283,,
2008-10,522.000067,,,196.899488,325.100579,,,4882.044826,,,1982.506964,2899.537862,,
2008-11,474.118594,,,161.870857,312.247737,,,5356.16342,,,2144.377821,3211.785599,,
2008-12,440.769181,,,114.999298,325.769883,,,5796.932601,,,2259.377119,3537.555482,,
2009-01,512.072197,,,224.252036,287.820161,,,512.072197,,,224.252036,287.820161,,
2009-02,287.848658,,,143.073168,144.77549,,,799.920855,,,367.325204,432.595651,,
2009-03,343.256211,,,116.766998,226.489213,,,1143.177066,,,484.092202,659.084864,,
2009-04,372.895288,,,100.114497,272.780791,,,1516.072354,,,584.206699,931.865655,,
2009-05,360.178473,,,129.836293,230.34218,,,1876.250827,,,714.042992,1162.207835,,
2009-06,435.668166,,,108.835054,326.833112,,,2311.918993,,,822.878046,1489.040947,,
2009-07,314.273161,,,172.792676,141.480485,,,2626.192154,,,995.670722,1630.521432,,
2009-08,434.190875,,,139.924074,294.266801,,,3060.383029,,,1135.594796,1924.788233,,
2009-09,370.607744,,,152.619614,217.98813,,,3430.990773,,,1288.21441,2142.776363,,
2009-10,485.023937,,,223.640948,261.382989,,,3916.01471,,,1511.855358,2404.159352,,
2009-11,455.785832,,,183.144899,272.640933,,,4371.800542,,,1695.000257,2676.800285,,
2009-12,453.291433,,,165.487266,287.804167,,,4825.091975,,,1860.487523,2964.604452,,
2010-01,505.162744,,,180.075141,325.087603,,,505.162744,,,180.075141,325.087603,,
2010-02,595.118302,,,123.473698,471.644604,,,1100.281046,,,303.548839,796.732207,,
2010-03,1051.349663,,,192.991229,858.358434,,,2151.630709,,,496.540068,1655.090641,,
2010-04,635.914132,,,166.615118,469.299014,,,2787.544841,,,663.155186,2124.389655,,
2010-05,686.297847,,,201.082052,485.215795,,,3473.842688,,,864.237238,2609.60545,,
2010-06,552.556813,,,215.744475,336.812338,,,4026.399501,,,1079.981713,2946.417788,,
2010-07,617.11847,,,165.663968,451.454502,,,4643.517971,,,1245.645681,3397.87229,,
2010-08,761.152869,,,219.719229,541.43364,,,5404.67084,,,1465.36491,3939.30593,,
2010-09,653.290971,,,268.223624,385.067347,,,6057.961811,,,1733.588534,4324.373277,,
2010-10,608.028374,,,272.673722,335.354652,,,6665.990185,,,2006.262256,4659.727929,,
2010-11,683.315789,,,347.714872,335.600917,,,7349.305974,,,2353.977128,4995.328846,,
2010-12,558.460631,,,424.465159,133.995472,,,7907.766605,,,2778.442287,5129.324318,,
2011-01,775.94211,,,305.144626,470.797484,,,775.94211,,,305.144626,470.797484,,
2011-02,694.237457,,,286.315154,407.922303,,,1470.179567,,,591.45978,878.719787,,
2011-03,974.933237,,,324.611051,650.322186,,,2445.112804,,,916.070831,1529.041973,,
2011-04,671.146845,,,374.867534,296.279311,,,3116.259649,,,1290.938365,1825.321284,,
2011-05,688.794572,,,386.643277,302.151295,,,3805.054221,,,1677.581642,2127.472579,,
2011-06,673.062822,,,306.13931,366.923512,,,4478.117043,,,1983.720952,2494.396091,,
2011-07,675.08933,,,265.184739,409.904591,,,5153.206373,,,2248.905691,2904.300682,,
2011-08,649.068527,,,260.490231,388.578296,,,5802.2749,,,2509.395922,3292.878978,,
2011-09,620.184359,,,293.924893,326.259466,,,6422.459259,,,2803.320815,3619.138444,,
2011-10,659.966901,,,274.162271,385.80463,,,7082.42616,,,3077.483086,4004.943074,,
2011-11,565.763776,,,156.343583,409.420193,,,7648.189936,,,3233.826669,4414.363267,,
2011-12,698.95307,,,148.818867,550.134203,,,8347.143006,,,3382.645536,4964.49747,,
2012-01,715.514276,,,191.709117,523.805159,,,715.514276,,,191.709117,523.805159,,
2012-02,576.995721,,,180.407234,396.588487,,,1292.509997,,,372.116351,920.393646,,
2012-03,564.348299,,,212.236385,352.111914,,,1856.858296,,,584.352736,1272.50556,,
2012-04,496.23497,,,202.098726,294.136244,,,2353.093266,,,786.451462,1566.641804,,
2012-05,564.805418,,,281.642166,283.163252,,,2917.898684,,,1068.093628,1849.805056,,
2012-06,571.511805,,,269.122561,302.389244,,,3489.410489,,,1337.216189,2152.1943,,
2012-07,580.107613,,,407.378504,172.729109,,,4069.518102,,,1744.594693,2324.923409,,
2012-08,468.76728,,,234.436797,234.330483,,,4538.285382,,,1979.03149,2559.253892,,
2012-09,532.255141,,,206.115022,326.140119,,,5070.540523,,,2185.146512,2885.394011,,
2012-10,510.890962,,,183.101858,327.789104,,,5581.431485,,,2368.24837,3213.183115,,
2012-11,506.266021,,,304.776913,201.489108,,,6087.697506,,,2673.025283,3414.672223,,
2012-12,597.176731,,,121.24833,475.928401,,,6684.874237,,,2794.273613,3890.600624,,
2013-01,672.5251,,,154.451892,518.073208,,,672.5251,,,154.451892,518.073208,,
2013-02,664.152822,,,154.811226,509.341596,,,1336.677922,,,309.263118,1027.414804,,
2013-03,635.127737,,,159.208103,475.919634,,,1971.805659,,,468.471221,1503.334438,,
2013-04,705.221068,,,188.193122,517.027946,,,2677.026727,,,656.664343,2020.362384,,
2013-05,616.197646,,,166.149347,450.048299,,,3293.224373,,,822.81369,2470.410683,,
2013-06,556.560433,,,197.670752,358.889681,,,3849.784806,,,1020.484442,2829.300364,,
2013-07,712.336214,,,153.261598,559.074616,,,4562.12102,,,1173.74604,3388.37498,,
2013-08,620.232545,,,181.452465,438.78008,,,5182.353565,,,1355.198505,3827.15506,,
2013-09,679.629052,,,155.824495,523.804557,,,5861.982617,,,1511.023,4350.959617,,
2013-10,796.683509,,,138.913415,657.770094,,,6658.666126,,,1649.936415,5008.729711,,
2013-11,553.151444,,,176.839521,376.311923,,,7211.81757,,,1826.775936,5385.041634,,
2013-12,679.116951,,,214.562908,464.554043,,,7890.934521,,,2041.338844,5849.595677,,
2014-01,652.613587,,,197.112068,455.501519,,,652.613587,,,197.112068,455.501519,,
2014-02,524.189787,,,164.828945,359.360842,,,1176.803374,,,361.941013,814.862361,,
2014-03,667.8061,,,198.060574,469.745526,,,1844.609474,,,560.001587,1284.607887,,
2014-04,746.474469,,,164.659723,581.814746,,,2591.083943,,,724.66131,1866.422633,,
2014-05,694.695204,,,196.738422,497.956782,,,3285.779147,,,921.399732,2364.379415,,
2014-06,657.311443,,,118.748258,538.563185,,,3943.09059,,,1040.14799,2902.9426,,
2014-07,612.659248,,,109.423427,503.235821,,,4555.749838,,,1149.571417,3406.178421,,
2014-08,470.638982,,,132.908169,337.730813,,,5026.38882,,,1282.479586,3743.909234,,
2014-09,666.929919,,,130.96386,535.966059,,,5693.318739,,,1413.443446,4279.875293,,
2014-10,549.513608,,,141.475264,408.038344,,,6242.832347,,,1554.91871,4687.913637,,
2014-11,479.442155,,,99.270564,380.171591,,,6722.274502,,,1654.189274,5068.085228,,
2014-12,664.677371,,,152.892118,511.785253,,,7386.951873,,,1807.081392,5579.870481,,
2015-01,727.993413,,,180.860328,547.133085,,,727.993413,,,180.860328,547.133085,,
2015-02,566.101891,,,154.498033,411.603858,,,1294.095304,,,335.358361,958.736943,,
2015-03,575.246684,,,133.278937,441.967747,,,1869.341988,,,468.637298,1400.70469,,
2015-04,697.835835,,,133.892722,563.943113,,,2567.177823,,,602.53002,1964.647803,,
2015-05,578.721854,,,172.892314,405.82954,,,3145.899677,,,775.422334,2370.477343,,
2015-06,584.873892,,,167.407031,417.466861,,,3730.773569,,,942.829365,2787.944204,,
2015-07,570.273596,,,261.899206,308.37439,,,4301.047165,,,1204.728571,3096.318594,,
2015-08,592.852057,,,153.308621,439.543436,,,4893.899222,,,1358.037192,3535.86203,,
2015-09,612.413864,,,143.309808,469.104056,,,5506.313086,,,1501.347,4004.966086,,
2015-10,563.160165,,,186.963292,376.196873,,,6069.473251,,,1688.310292,4381.162959,,
2015-11,618.932829,,,96.977586,521.955243,,,6688.40608,,,1785.287878,4903.118202,,
2015-12,680.499895,,,125.7794,554.720495,,,7368.905975,,,1911.067278,5457.838697,,
2016-01,604.509477,,,199.930633,404.578844,,,604.509477,,,199.930633,404.578844,,
2016-02,568.873045,,,193.086295,375.78675,,,1173.382522,,,393.016928,780.365594,,
2016-03,692.172471,,,203.02166,489.150811,,,1865.554993,,,596.038588,1269.516405,,
2016-04,633.142679,,,272.392537,360.750142,,,2498.697672,,,868.431125,1630.266547,,
2016-05,590.445948,,,169.07222,421.373728,,,3089.14362,,,1037.503345,2051.640275,,
2016-06,614.159177,,,189.110125,425.049052,,,3703.302797,,,1226.61347,2476.689327,,
2016-07,602.439472,,,183.431608,419.007864,,,4305.742269,,,1410.045078,2895.697191,,
2016-08,906.423377,,,140.488922,765.934455,,,5212.165646,,,1550.534,3661.631646,,
2016-09,651.725609,,,136.050369,515.67524,,,5863.891255,,,1686.584369,4177.306886,,
2016-10,650.518806,,,138.308174,512.210632,,,6514.410061,,,1824.892543,4689.517518,,
2016-11,620.93538,,,157.66095,463.27443,,,7135.345441,,,1982.553493,5152.791948,,
2016-12,633.292951,,,168.15788,465.135071,,,7768.638392,,,2150.711373,5617.927019,,
2017-01,628.382113,,,156.554627,471.827486,,,628.382113,,,156.554627,471.827486,,
2017-02,575.962809,,,135.085243,440.877566,,,1204.344922,,,291.63987,912.705052,,
2017-03,582.007241,,,123.032874,458.974367,,,1786.352163,,,414.672744,1371.679419,,
2017-04,619.664066,,,146.83309,472.830976,,,2406.016229,,,561.505834,1844.510395,,
2017-05,574.64406,,,93.974409,480.669651,,,2980.660289,,,655.480243,2325.180046,,
2017-06,607.836877,,,135.08409,472.752787,,,3588.497166,,,790.564333,2797.932833,,
2017-07,580.992093,,,145.495067,435.497026,,,4169.489259,,,936.0594,3233.429859,,
2017-08,438.60695,,,186.689627,251.917323,,,4608.096209,,,1122.749027,3485.347182,,
2017-09,406.744834,,,147.77562,258.969214,,,5014.841043,,,1270.524647,3744.316396,,
2017-10,495.376142,,,164.560423,330.815719,,,5510.217185,,,1435.08507,4075.132115,,
2017-11,516.33472,,,133.911252,382.423468,,,6026.551905,,,1568.996322,4457.555583,,
2017-12,498.55033,,,166.094718,332.455612,,,6525.102235,,,1735.09104,4790.011195,,
2018-01,542.770468,,,202.242446,340.528022,,,542.770468,,,202.242446,340.528022,,
2018-02,508.802547,,,202.191956,306.610591,,,1051.573015,,,404.434402,647.138613,,
2018-03,486.306265,,,186.909759,299.396506,,,1537.87928,,,591.344161,946.535119,,
2018-04,514.04165,,,276.818321,237.223329,,,2051.92093,,,868.162482,1183.758448,,
2018-05,584.193859,,,138.942015,445.251844,,,2636.114789,,,1007.104497,1629.010292,,
2018-06,468.20763,,,127.366383,340.841247,,,3104.322419,,,1134.47088,1969.851539,,
2018-07,542.287205,,,135.047289,407.239916,,,3646.609624,,,1269.518169,2377.091455,,
2018-08,520.148339,,,167.093672,353.054667,,,4166.757963,,,1436.611841,2730.146122,,
2018-09,497.366087,,,208.80664,288.559447,,,4664.12405,,,1645.418481,3018.705569,,
2018-10,563.933317,,,248.187974,315.745343,,,5228.057367,,,1893.606455,3334.450912,,
2018-11,560.188584,,,106.97603,453.212554,,,5788.245951,,,2000.582485,3787.663466,,
2018-12,515.552206,,,318.8625,196.689706,,,6303.798157,,,2319.444985,3984.353172,,
2019-01,506.490674,,,146.452394,360.03828,,,506.490674,,,146.452394,360.03828,,
2019-02,480.616573,,,212.667371,267.949202,,,987.107247,,,359.119765,627.987482,,
2019-03,487.126126,,,144.459743,342.666383,,,1474.233373,,,503.579508,970.653865,,
2019-04,572.947737,,,114.588965,458.358772,,,2047.18111,,,618.168473,1429.012637,,
2019-05,481.016212,,,152.165305,328.850907,,,2528.197322,,,770.333778,1757.863544,,
2019-06,425.851042,,,198.698384,227.152658,,,2954.048364,,,969.032162,1985.016202,,
2019-07,490.689874,,,110.888202,379.801672,,,3444.738238,,,1079.920364,2364.817874,,
2019-08,584.911292,,,117.273839,467.637453,,,4029.64953,,,1197.194203,2832.455327,,
2019-09,493.69683,,,170.579341,323.117489,,,4523.34636,,,1367.773544,3155.572816,,
2019-10,509.478822,,,120.01239,389.466432,,,5032.825182,,,1487.785934,3545.039248,,
2019-11,504.016625,,,158.540685,345.47594,,,5536.841807,,,1646.326619,3890.515188,,
2019-12,514.719286,,,96.092502,418.626784,,,6051.561093,,,1742.419121,4309.141972,,
2020-01,515.833021,,,113.838715,401.994306,,,515.833021,,,113.838715,401.994306,,
2020-02,426.796328,,,152.578727,274.217601,,,942.629349,,,266.417442,676.211907,,
2020-03,480.904691,,,124.20112,356.703571,,,1423.53404,,,390.618562,1032.915478,,
2020-04,550.387162,,,341.301487,209.085675,,,1973.921202,,,731.920049,1242.001153,,
2020-05,600.158731,,,394.330369,205.828362,,,2574.079933,,,1126.250418,1447.829515,,
2020-06,798.317776,,,189.536851,608.780925,,,3372.397709,,,1315.787269,2056.61044,,
2020-07,1414.339615,,,277.2287,1137.110915,,,4786.737324,,,1593.015969,3193.721355,,
2020-08,815.402999,,,390.474052,424.928947,,,5602.140323,,,1983.490021,3618.650302,,
2020-09,1098.478542,,,235.379176,863.099366,,,6700.618865,,,2218.869197,4481.749668,,
2020-10,741.211098,,,158.862549,582.348549,,,7441.829963,,,2377.731746,5064.098217,,
2020-11,722.804229,,,168.768453,554.035776,,,8164.634192,,,2546.500199,5618.133993,,
2020-12,773.967027,,,106.448991,667.518036,,,8938.601219,,,2652.94919,6285.652029,,
2021-01,629.655174,,,151.174081,478.481093,,,629.655174,,,151.174081,478.481093,,
2021-02,593.181115,,,431.018068,162.163047,,,1222.836289,,,582.192149,640.64414,,
2021-03,848.872813,,,732.428278,116.444535,,,2071.709102,,,1314.620427,757.088675,,
2021-04,662.848567,,,387.692169,275.156398,,,2734.557669,,,1702.312596,1032.245073,,
2021-05,813.686941,,,336.529401,477.15754,,,3548.24461,,,2038.841997,1509.402613,,
2021-06,829.134202,,,262.505443,566.628759,,,4377.378812,,,2301.34744,2076.031372,,
2021-07,902.761151,,,201.397305,701.363846,,,5280.139963,,,2502.744745,2777.395218,,
2021-08,701.943501,,,129.54185,572.401651,,,5982.083464,,,2632.286595,3349.796869,,
2021-09,472.14652,,,159.366551,312.779969,,,6454.229984,,,2791.653146,3662.576838,,
2021-10,500.724695,,,175.611846,325.112849,,,6954.954679,,,2967.264992,3987.689687,,
2021-11,663.611824,,,132.546219,531.065605,,,7618.566503,,,3099.811211,4518.755292,,
2021-12,596.827974,,,147.313494,449.51448,,,8215.394477,,,3247.124705,4968.269772,,
2022-01,631.037827,,,188.658927,442.3789,,,631.037827,,,188.658927,442.3789,,
2022-02,454.336268,,,209.062609,245.273659,,,1085.374095,,,397.721536,687.652559,,
2022-03,514.792783,,,259.114189,255.678594,,,1600.166878,,,656.835725,943.331153,,
2022-04,788.317641,,,153.691247,634.626394,,,2388.484519,,,810.526972,1577.957547,,
2022-05,672.351629,,,173.373939,498.97769,,,3060.836148,,,983.900911,2076.935237,,
2022-06,771.270002,,,176.823291,594.446711,,,3832.10615,,,1160.724202,2671.381948,,
2022-07,679.969331,,,191.653412,488.315919,,,4512.075481,,,1352.377614,3159.697867,,
2022-08,524.49648,,,155.603598,368.892882,,,5036.571961,,,1507.981212,3528.590749,,
2022-09,641.365055,,,235.759586,405.605469,,,5677.937016,,,1743.740798,3934.196218,,
2022-10,453.732216,,,214.145128,239.587088,,,6131.669232,,,1957.885926,4173.783306,,
2022-11,539.896366,,,205.748793,334.147573,,,6671.565598,,,2163.634719,4507.930879,,
2022-12,710.735785,,,173.866514,536.869271,,,7382.301383,,,2337.501233,5044.80015,,
2023-01,545.641001,,,196.650438,348.990563,,,545.641001,,,196.650438,348.990563,,
2023-02,478.133778,,,93.001831,385.131947,,,1023.774779,,,289.652269,734.12251,,
2023-03,604.384577,,,191.050061,413.334516,,,1628.159356,,,480.70233,1147.457026,,
2023-04,505.051327,,,237.402359,267.648968,,,2133.210683,,,718.104689,1415.105994,,
2023-05,1176.741069,,,127.604179,1049.13689,,,3309.951752,,,845.708868,2464.242884,,
2023-06,719.432928,,,140.0495,579.383428,,,4029.38468,,,985.758368,3043.626312,,
2023-07,623.315755,,,127.960876,495.354879,,,4652.700435,,,1113.719244,3538.981191,,
2023-08,743.953145,,,173.410868,570.542277,,,5396.65358,,,1287.130112,4109.523468,,
2023-09,618.136815,,,122.881008,495.255807,,,6014.790395,,,1410.01112,4604.779275,,
2023-10,515.616602,,,106.997641,408.618961,,,6530.406997,,,1517.008761,5013.398236,,
2023-11,490.585813,,,108.247453,382.33836,,,7020.99281,,,1625.256214,5395.736596,,
2023-12,773.377099,,,100.989781,672.387318,,,7794.369909,,,1726.245995,6068.123914,,
2024-01,446.801029,,,86.567963,360.233066,,,446.801029,,,86.567963,360.233066,,
2024-02,366.503766,,,106.750267,259.753499,,,813.304795,,,193.31823,619.986565,,
2024-03,472.377132,,,98.064437,374.312695,,,1285.681927,,,291.382667,994.29926,,
2024-04,542.889677,,,142.652877,400.2368,,,1828.571604,,,434.035544,1394.53606,,
2024-05,547.240451,,,99.551193,447.689258,,,2375.812055,,,533.586737,1842.225318,,
2024-06,489.805153,,,148.323661,341.481492,,,2865.617208,,,681.910398,2183.70681,,
2024-07,497.672423,,,93.071111,404.601312,,,3363.289631,,,774.981509,2588.308122,,
2024-08,424.290865,,,133.253265,291.0376,,,3787.580496,,,908.234774,2879.345722,,
2024-09,524.980138,,,194.935237,330.044901,,,4312.560634,,,1103.170011,3209.390623,,
2024-10,456.016127,,,131.014829,325.001298,,,4768.576761,,,1234.18484,3534.391921,,
2024-11,402.286108,,,141.819048,260.46706,,,5170.862869,,,1376.003888,3794.858981,,
2024-12,641.10673,,,94.0718,547.03493,,,5811.969599,,,1470.075688,4341.893911,,
2025-01,929.760112,,,95.020521,834.739591,,,929.760112,,,95.020521,834.739591,,
2025-02,1274.732566,,,79.634572,1195.097994,,,2204.492678,,,174.655093,2029.837585,,
2025-03,1354.676853,,,109.082502,1245.594351,,,3559.169531,,,283.737595,3275.431936,,
2025-04,585.795885,,,411.272651,174.523234,,,4144.965416,,,695.010246,3449.95517,,
2025-05,443.389387,,,483.428778,-40.039391,,,4588.354803,,,1178.439024,3409.915779,,
2025-06,448.382821,,,348.82243,99.560391,,,5036.737624,,,1527.261454,3509.47617,,
2025-07,663.398187,,,270.265352,393.132835,,,5700.135811,,,1797.526806,3902.609005,,
2025-08,392.548944,,,142.426786,250.122158,,,6092.684755,,,1939.953592,4152.731163,,
2025-09,479.025771,,,209.693361,269.33241,,,6571.710526,,,2149.646953,4422.063573,,
2025-10,282.811943,,,2349.314008,-2066.502065,,,6854.522469,,,4498.960961,2355.561508,,
2025-11,206.519303,,,790.532736,-584.013433,,,7061.041772,,,5289.493697,1771.548075,,
2025-12,374.85935,,,496.491403,-121.632053,,,7435.901122,,,5785.9851,1649.916022,,
2026-01,326.889984,,,1666.389145,-1339.499161,,,326.889984,,,1666.389145,-1339.499161,,
2026-02,336.223444,,,1786.716885,-1450.493441,,,663.113428,,,3453.10603,-2789.992602,,
2026-03,374.566482,,,1251.041821,-876.475339,,,1037.67991,,,4704.147851,-3666.467941,,
2026-04,360.442956,,,643.519933,-283.076977,,,1398.122866,,,5347.667784,-3949.544918,,
2026-05,416.094156,,,255.717055,160.377101,,,1814.217022,,,5603.384839,-3789.167817,,
